[{"id":"user-image-GrassBG.PNG","publicUrl":"np://user.desktop.nicepage.com/Site_1502223238/images/GrassBG.PNG","size":62895,"fileName":"GrassBG.PNG","name":"GrassBG","width":1136,"height":635,"thumbnail":{"url":"np://user.desktop.nicepage.com/Site_1502223238/images/thumbnails/GrassBG.PNG","width":250,"height":140},"usages":["51979373"]},{"id":"user-image-Title-nobg.png","publicUrl":"np://user.desktop.nicepage.com/Site_1502223238/images/Title-nobg.png","size":97261,"fileName":"Title-nobg.png","name":"Title-nobg","width":1414,"height":176,"thumbnail":{"url":"np://user.desktop.nicepage.com/Site_1502223238/images/thumbnails/Title-nobg.png","width":250,"height":31},"usages":[]},{"id":"user-image-PostmortemPresentation.jpg","publicUrl":"np://user.desktop.nicepage.com/Site_1502223238/images/PostmortemPresentation.jpg","size":28512,"fileName":"PostmortemPresentation.jpg","name":"PostmortemPresentation","width":960,"height":540,"thumbnail":{"url":"np://user.desktop.nicepage.com/Site_1502223238/images/thumbnails/PostmortemPresentation.jpg","width":250,"height":141},"usages":["901424932"]},{"id":"user-image-PostmortemPresentation1.jpg","publicUrl":"np://user.desktop.nicepage.com/Site_1502223238/images/PostmortemPresentation1.jpg","size":34054,"fileName":"PostmortemPresentation1.jpg","name":"PostmortemPresentation1","width":960,"height":540,"thumbnail":{"url":"np://user.desktop.nicepage.com/Site_1502223238/images/thumbnails/PostmortemPresentation1.jpg","width":250,"height":141},"usages":["901424932"]},{"id":"user-image-PostmortemPresentation2.jpg","publicUrl":"np://user.desktop.nicepage.com/Site_1502223238/images/PostmortemPresentation2.jpg","size":38011,"fileName":"PostmortemPresentation2.jpg","name":"PostmortemPresentation2","width":960,"height":540,"thumbnail":{"url":"np://user.desktop.nicepage.com/Site_1502223238/images/thumbnails/PostmortemPresentation2.jpg","width":250,"height":141},"usages":["901424932"]},{"id":"user-image-FinalGamePresentation.jpg","publicUrl":"np://user.desktop.nicepage.com/Site_1502223238/images/FinalGamePresentation.jpg","size":29818,"fileName":"FinalGamePresentation.jpg","name":"FinalGamePresentation","width":960,"height":540,"thumbnail":{"url":"np://user.desktop.nicepage.com/Site_1502223238/images/thumbnails/FinalGamePresentation.jpg","width":250,"height":141},"usages":["901424932"]}]